isin,ex_date,sig,stored_first_amount,corrected_sum,subject
INE197A01024,2011-07-08,a09520764cf19af9,1.1,1.5,Annual General Meeting/Final Dividend Rs.1.10 Per Share And Special Dividend Re.0.40 Per Share
INE250B01029,2011-07-12,edfdd24d2a0b03b8,0.25,0.5,Annual General Meeting/Final Dividend Re.0.25 Per Share And Special Dividend Re.0.25 Per Share
INE294B01019,2011-07-13,46801d42439cecd9,6.5,8.0,Annual General Meeting/Final Dividend Rs.6.50 Per Share And Special Dividend Rs.1.50 Per Share
INE296E01026,2011-07-13,fd8cf6ee2f7fd770,7.5,15.0,Final Dividend Rs.7.50 Per Share And Special Dividend Rs.7.50 Per Share/Bonus 1:1 (Purpose Revised)
INE289B01019,2011-07-14,93cb50ba87966375,4.5,5.5,Final Dividend Rs.4.50 Per Share And Special Dividend Re.1/- Per Share
INE101A01026,2011-07-14,79fca3e026d41533,10.5,11.5,Annual General Meeting/Final Dividend Rs.10.50 Per Share And Special Dividend Re.1/- Per Share
INE369A01029,2011-07-14,a4f2337aa0e19a2c,2.5,3.75,Annual General Meeting/Final Dividend Rs.2.50 Per Share And Special Dividend Rs.1.25 Per Share
INE140A01024,2011-07-28,24a52922e32c5dab,6,12.0,Final Dividend Rs.6/- Per Share And Special Dividend Rs.6/-  Per Share
INE039C01016,2011-08-17,1ec8a523e9deae4e,1,2.0,Annual General Meeting /  Final Dividend - Re.1 Per Share / Interim Dividend - Re.1 Per Share (Purpose Revised)
INE035D01012,2011-09-08,0faa83c5f73a4280,15,20.0,Annual General Meeting/Final Dividend Rs.15/- Per Share And Special Dividend Rs.5/- Per Share
INE826C01016,2011-09-12,22ad37de0c2d9118,2.5,5.0,Final Dividend Rs.2.50 Per Share And Special Dividend Rs.2.50 Per Share
INE860A01027,2011-10-21,9a555a9be3b489bd,2,6.0,Final Dividend Rs.2/- Per Share/Interim Dividend Rs.2/- Per Share/Special Dividend Rs.2/- Per Share/Annual General Meeting (Purpose Revised)
INE018I01017,2011-10-31,125cc4d9f70dddfa,1.5,2.5,Interim Dividend Rs.1.50 Per Share And Special Dividend Re.1 Per Share
INE236A01020,2011-11-09,2710035822a2d1a7,2,3.0,Final Dividend Rs.2/- Per Share And Interim Dividend Re.1/- Per Share (Purpose Revised)
INE513A01014,2012-03-29,a45b11f679b32a76,5,10.0,Final Dividend Rs.5/- Per Share And Special Dividend Rs.5/- Per Share
INE007A01017,2012-04-24,576b74e0b9ef9813,3,6.0,First Interim Dividend Rs.3/- Per Share And Special Dividend Rs.3/- Per Share (Purpose Revised)
INE176A01010,2012-05-14,c79542a1674f854b,5,6.0,Annual General Meeting/Final Dividend Rs.5/- Per Share And Special Dividend Re.1/- Per Share
INE048G01018,2012-06-07,a8bb65b4de36a739,6.5,66.5,Final Dividend Rs.6.50 Per Share And Special Dividend Rs.60 Per Share
INE467B01029,2012-06-07,c3dac8d68a0a9bb5,8,16.0,Annual General Meeting / Final Dividend - Rs.8/- / Special Dividend - Rs.8/-
INE409B01013,2012-07-17,ee730904b3f43397,3,123.0,Annual General Meeting/Final Dividend Rs.3/- Per Share/Interim Dividend Rs.120/- Per Share (Purpose Revised)
INE036B01022,2012-07-26,3bdfc47332a7dd52,0.6,0.8,Interim Dividend Re.0.60 Per Share And Special Dividend Re.0.20 Per Share (Purpose Revised)
INE805C01010,2012-08-02,749cfa8d0f9d7ecc,0.25,0.75,Annual General Meeting/Final Dividend Re.0.25 Per Share/Special Dividend Re.0.50 Per Share
INE548C01024,2012-08-02,86f4858e366715b5,4,8.0,Annual General Meeting/Final Dividend Rs.4/- Per Share/Special Dividend Rs.4/- Per Share
INE472A01039,2013-07-05,155e9df68e27a1e6,2,3.0,Annual General Meeting / Dividend Rs.2/- Per Equity Share + Special Dividend Re.1/- Equity Share
INE860A01027,2012-10-19,f6d295787445de55,4,6.0,Final Dividend Rs.4/- Per Share And Interim Dividend Rs.2/- Per Share (Purpose Revised)
INE030A01027,2012-11-01,a981d7272814d63b,4.5,12.5,Interim Dividend Rs.4.50 Per Share And Special Dividend Rs.8 Per Share (Purpose Revised)
INE342A01018,2013-05-31,3e05369b92410aa0,3,7.0,Annual General Meeting/Final Dividend Rs.3/- Per Share And Special Dividend Rs.4/- Per Share
INE685A01028,2013-06-10,c04d47119ea514a0,7,17.0,Final Dividend Rs.7/- Per Share And Special Dividend Rs.10/- Per Share
INE376G01013,2013-07-11,8be82e8b0ec7ea80,5,7.5,Annual General Meeting/Final Dividend Rs 5/- Per Share + Special Dividend Rs 2.5/- Per Share
INE277A01016,2013-07-11,a42f378c81921883,13,33.0,Annual General Meeting/Dividend Final Rs.13 +Special Dividend Rs.20 Per Share
INE794B01026,2013-07-23,12e53d582c7f0d8e,0.2,0.4,Annual General Meeting/Final Dividend Re 0.20/- Per Share + Special Dividend Re 0.20/- Per Share
INE726L01019,2013-07-23,e33c02250885143d,2.5,7.5,Annual General Meeting/Final Dividend Rs.2.50 Per Share And Special Dividend Rs.5/- Per Share
INE540H01012,2013-07-30,e14abcb529075d30,10,15.0,Final Dividend Rs.10/- Per Share And Special Dividend Rs.5/- Per Share
INE133A01011,2013-07-30,d5d8c999d7c373b3,20,80.0,Annual General Meeting/Final Dividend Rs.20 Per Share And Special Dividend Rs.60 Per Share
INE603J01014,2013-08-19,904557b123c00993,1,1.5,Annual General Meeting/Final Dividend Re.1/- Per Share And Interim Dividend Re.0.50 Per Share (Purpose Revised)
INE182A01018,2013-08-28,c233630f2b3b9986,12.5,32.5,Annual General Meeting / Dividend - Rs 12.50/- Per Share + Special Dividend - Rs 20/- Per Share
INE733E01010,2013-09-05,ac06dc7d09418023,0.75,2.0,Annual General Meeting/Final Dividend Re.0.75 Per Share And Special Dividend Rs.1.25 Per Share
INE211C01037,2013-09-17,285b979c775c4604,0.8,1.0,Annual General Meeting/Final Dividend Re.0.80 Per Share And Special Dividend Re.0.20 Per Share (Bc Dates Revised)
INE050E01019,2013-09-23,e5a7b1c3d9ab3a30,0.8,1.3,Annual General Meeting/Dividend Re 0.80/- Per Share + Special Dividend Re 0.50/- Per Share
INE231F01020,2013-11-07,47c54b395226f7d2,2.5,5.0,Interim Dividend - Rs 2.5/- Per Share + Special Dividend - Rs 2.5/- Per Share
INE007A01017,2014-03-11,1e7659e37a808d36,4,10.0,Annual General Meeting/Final Dividend Rs 4/- Per Share+Special Dividend Rs 6/- Per Share
INE077F01027,2014-04-10,e03684fbb606dac0,2.2,2.5,Interim Dividend - Rs 2.20/- Per Share + Special Dividend - Re 0.30/- Per Share
INE519A01011,2014-04-10,bbee1c7f3da1b386,12.5,15.5,Annual General Meeting / Special Dividend - Rs 12.50/- Per Share + Final Dividend - Rs 3/- Per Share
INE794A01010,2014-06-16,e37fdb1e6a0889ec,1.5,3.0,Annual General Meeting/Final Dividend Rs.1.50 Per Share And Special Dividend Rs.1.50 Per Share
INE096B01018,2014-06-27,3bd6c554853097e1,3,6.0,Annual General Meeting / Final Dividend - Rs 3/- Per Share + Special Dividend - Rs 3/- Per Share
INE018I01017,2014-07-09,f44d79bb2ede19a8,2.5,5.0,Annual General Meeting / Final Dividend - Rs 2.5/- Per Share And Special Dividend - Rs 2.5/- Per Share
INE277A01016,2014-07-10,c6931a8296861dc2,15,35.0,Annual General Meeting / Dividend - Rs 15/- Per Share + Special Dividend - Rs 20/- Per Share
INE202B01012,2014-07-15,4f9ccc011f552c94,2,5.0,Annual General Meeting/Dividend-Rs.2/- Per Share And Anniversary Celebration Dividend Rs.3/- Per Share
INE878A01011,2014-07-17,9a844ef57ba28e1b,10,14.0,Annual General Meeting / Dividend - Rs 10/- Per Share + Special Dividend - Rs 4/- Per Share
INE101A01026,2014-07-17,57fca2bca06b0ece,13.5,14.0,Annual General Meeting / Dividend - Rs 13.50/- Per Share + Special Dividend - Re 0.50/- Per Share
INE455B01016,2014-07-17,783e505e36809b1e,10,11.0,Annual General Meeting / Special Dividend - Rs 10/- Per Share + Final Dividend - Re 1/- Per Share
INE495B01038,2014-07-24,042267e608e13b22,0.5,2.5,Annual General Meeting /Final Dividend - Re 0.50/- Per Share + Special Dividend - Rs 2/- Per Share
INE121J01017,2014-07-24,c8b408a466fa0824,4.4,8.9,Annual General Meeting + Dividend - Rs.4.40/- Per Share + Interim Dividend Rs 4.50/- Per Share(Purpose Revised)
INE467B01029,2014-07-28,0cf598c4540e6222,5,45.0,Interim Dividend - Rs 5/- Per Share + Special Dividend - Rs 40/- Per Share
INE133A01011,2014-07-30,56ab7af1cc4a4756,15,75.0,Annual General Meeting/Final Dividend Rs.15 Per Share + Special Dividend Rs.60 Per Share
INE226A01021,2014-08-08,255d2da4568188a8,1.6,1.85,Annual General Meeting / Dividend - Rs 1.60/- Per Share & Special Diamond Jubilee Dividend - Re 0.25/- Per Share
INE040D01012,2014-08-19,a11cb8585203625d,0.85,1.55,Annual Book Closure / Final Dividend - Re 0.85/- Per Share / First Interim Dividend - Re 0.70/- Per Share
INE397D01024,2014-08-21,9969684785290fd3,1.8,3.43,Annual General Meeting / Final Dividend - Rs 1.80/- Per Share / Interim Dividend - Rs 1.63/- Per Share (Purpose Revised)
INE070A01015,2014-08-28,1f57dbeb2fd6354f,12,22.0,Second Interim Dividend - Rs 12/- Per Share + First Interim Dividend - Rs 10/- Per Share (Purpose Revised)
INE289B01019,2014-09-02,9a04bd4813839fc3,5,6.0,Annual General Meeting / Dividend - Rs 5/- Per Share + One Time Silver Jubilee Dividend - Re 1/- Per Share
INE825A01012,2014-09-03,34a675a431c03b1b,6,11.0,Annual General Meeting / Dividend - Rs 6/- Per Share / Special Dividend - Rs 5/ -Per Share
INE760L01018,2014-09-11,6f61efa36d7bcba0,1.5,2.25,Annual General Meeting / Dividend - Rs 1.50/- Per Share + Special Dividend - Re 0.75/- Per Share
INE105J01010,2014-09-11,803f905676c42068,1.2,2.0,Annual General Meeting / Dividend - Rs 1.20/- Per Share + Special Dividend - Re 0.80/- Per Share
INE752H01013,2014-09-24,44108880bed618af,10,75.0,Annual General Meeting/Final Dividend Rs.10/- Per Share And Special Dividend Rs.65/- Per Share (Purpose Revised)
INE007A01017,2015-03-10,42b6b91e99f40dfc,6,10.0,Annual General Meeting / Final Dividend - Rs 6/- Per Share / Special Dividend - Rs 4/- Per Share
INE058A01010,2015-04-16,907f60146b00da18,24,35.0,Annual General Meeting / Final Dividend - Rs 24/- Per Share / Special One-Time Dividend - Rs 11/- Per Share
INE239A01016,2015-05-19,04585015a912fbdf,12.5,26.5,Annual General Meeting/Final Dividend - Rs 12.50/- Per Share / Interim Dividend - Rs 14/- Per Share (Purpose Revised)
INE277A01016,2015-07-09,6b28bce585066607,15,33.0,Final Dividend - Rs 15/- Per Share And Special Dividend - Rs 18/- Per Share
INE262H01013,2015-07-16,b4661f7703d2e20d,2.5,5.0,Annual General Meeting/Final Dividend - Rs. 2.50/- Per Share And Special Silver Jubilee Dividend - Rs. 2.50/- Per Share
INE849A01012,2015-07-27,f8e184b75647ff59,7.5,10.0,Annual General Meeting/Final Dividend Rs.7.50/- Per Share/Special Dividend Rs.2.50/- Per Share
INE092A01019,2015-07-31,c00ff22bf446d282,10,12.5,Annual General Meeting/Dividend Rs 10/- Per Share And Special Dividend Rs.2.50/-Per Share
INE101D01012,2015-08-05,2a0899a6220ae8f9,0.5,0.65,Final Dividend - Rs 0.50/- Per Share And Interim Dividend - Rs 0.15/- Per Share (Purpose Revised)
INE572A01028,2015-08-06,3fd22e257200f736,4,14.0,Annual General Meeting/Final Dividend Rs.4/- Per Share And Special Dividend Rs.10/- Per Share
INE322A01010,2015-10-15,988374c4ce52a3b3,15,34.52,Annual General Meeting/Final Dividend Rs.15/- Per Share/Interim Dividend - Rs.19.52 Per Share (Purpose Revised)
INE267A01017,2015-10-23,3628fe9d7cd38f6c,1.9,3.8,Interim Dividend Rs.1.90 Per Share And Special Interim Dividend Rs.1.90 Per Share (Purpose Revised)
INE003A01024,2016-01-21,e507f031af98ba54,6,10.0,Final Dividend Rs 6/- Plus Special Dividend Rs 4/- Per Share
INE530B01024,2016-02-05,097e819abc994c42,3,4.25,Interim Dividend Rs 3/- Per Share + Special Dividend Rs 1.25/- Per Share (Purpose Revised)
INE007A01017,2016-03-08,015235433e42a489,7,10.0,Annual General Meeting/ Final Dividend - Rs 7/- + Special Dividend -Rs 3/- Per Share
INE495B01038,2016-03-14,ba10ada708bfd78a,1,2.0,Interim Dividend - Re 1/- Per Share / Special Dividend - Re 1/- Per Share (Purpose Revised)
INE787D01018,2016-03-16,bbb9d2df1cb3c69c,3,5.5,Interim Dividend - Rs 3/- Per Share + Special Dividend - Rs 2.50/- Per Share (Purpse Revised)
INE083C01014,2016-03-16,8984fd9e5385b5fb,5.75,7.0,Interim Dividend Rs 5.75/- + Special Dividend - Rs 1.25/- Per Share (Purpose Revised)
INE225D01019,2016-03-17,d3dafb7aa9bac1e5,10,20.0,Interim Dividend - Rs 10/- Per Share + Special Dividend - Rs 10/- Per Share (Purpose Revised)
INE323C01022,2016-03-17,2fdfcd27b8bc789f,3,3.2,Interim Dividend - Rs 3/- Per Share + Special Dividend -  Re 0.20 Per Share (Purpose Revised)
INE212H01026,2016-03-17,63a6287190165dab,8,18.0,Interim Dividend  - Rs 8/- Per Share And Special Dividend - Rs 10/- Per Share ((Purpose Revised)
INE893J01011,2016-03-18,f151dbdd1be98291,1,2.0,Interim Dividend - Re 1/- Per Share + Additional Dividend -  Re 1/- Per Share (Purpose Revised)
INE372A01015,2016-03-22,401d5088b6747144,5.5,6.5,Interim Dividend - Rs 5.50/- Per Share + Special Dividend - Re 1/- Per Share (Purpose Revised)
INE231F01020,2016-03-28,ea9febb2cc389105,4,29.0,Interim Dividend - Rs 4/- Per Share + Special Dividend - Rs 25/- Per Share (Purpose Revised)
INE794B01026,2016-03-29,e72c01c6a76dc8d2,0.8,1.2,Interim Dividend Re 0.80/- Per Share + Special Dividend Re 0.40/- Per Share
INE058A01010,2016-04-13,4592208cd1c3cbd6,25,47.0,Final Dividend - Rs 25/- Per Share + Special Dividend - Rs 22/- Per Share
INE239A01016,2016-05-18,08391b05b8b7c847,18.5,30.5,Annual General Meeting/Final Dividend- Rs 18.50/- Per Share + Interim Dividend -Rs 12/- Per Share (Purpose Revised)
INE531A01016,2016-06-14,b22781c1625d98ac,1.8,3.05,Annual General Meeting/Final Dividend Rs 1.80/- + Special Dividend Rs 1.25/- Per Share
INE277A01016,2016-07-07,73b51b8a10d61a69,15,33.0,Final Dividend - Rs 15/- And Special Dividend  - Rs. 18/-
INE133A01011,2016-07-19,34c7c904c79656a0,20,70.0,Annual General Meeting/Final Dividend Rs.20/- Per Share And Special Dividend Rs.50/- Per Share
INE233B01017,2016-07-19,23de61af794b874b,25,30.0,Annual General Meeting/ Dividend - Rs 25/- Per Share + Special Dividend - Rs 5/- Per Share
INE223G01017,2016-07-21,bd3081459a058af1,12.5,24.0,Annual General Meeting/ Dividend - Rs 12.50/- Per Share + Interim Dividend - Rs 11.50 Per Share (Purpose Revised)
INE669C01028,2016-07-28,745b86fc61248094,6,12.0,Annual General Meeting/Final Dividend Rs 6/- Per Share And Special Dividend Rs 6/- Per Share
INE235A01022,2016-08-26,54dbf379dbdeacd3,2,2.5,Annual General Meeting/Final Dividend Rs.2/- Per Share And One Time Special Dividend Rs.0.50/- Per Share
INE785A01026,2016-09-02,48697a36da823fe8,2.5,3.75,Annual General Meeting/ Dividend-Rs 2.50/- Per Share + Special Dividend - Rs 1.25/- Per Share
INE637C01017,2016-09-08,555285e10ecd02d2,3,10.0,Dividend-Rs 3/- Per Share + Special Dividend Rs 7/- Per Share
INE002S01010,2016-09-15,2119130a8a37fa40,10,17.5,Annual General Meeting / Dividend - Rs 10/- Per Share + Special Dividend - Rs 7.5/- Per Share
INE048G01018,2016-11-04,323806e5d1b0d8a4,11,18.5,Interim Dividend Rs 11/- + Special Dividend Rs 7.50 Per Share
INE029A01011,2017-02-28,76b18847a233822b,15.5,19.5,Interim Dividend Rs 15.50 Per Share + Special Dividend Rs 4/- Per Share
INE239A01016,2017-05-19,d3abbb484527c062,23,38.0,Annual General Meeting/Dividend - Rs 23/- Per Share/Interim Dividend -Rs 15/- Per Share
INE613A01012,2017-06-09,ebb54c2c1d73e571,2.5,3.75,Annual General Meeting/ Dividend -Rs 2.50 Per Share /Special Dividend-Rs 1.25 Per Share
INE531A01016,2017-06-13,7ce6b2855b8606f1,2.5,3.0,Annual General Meeting/Final Dividend Rs 2.50 + Special Dividend Re 0.50 Per Share
INE021A01018,2017-06-15,816ab12197af9baf,5.65,7.65,Annual General Meeting/Dividend Rs 5.65 Per Share + Special Dividend Rs 2/- Per Share
INE151A01013,2017-06-16,eb6d56f1ff476be8,4.5,6.0,Annual General Meeting / Dividend - Rs 4.50 Per Share / Special Dividend Rs 1.50 Per Share
INE195A01010,2017-06-21,85719b96bd8cee40,7,12.0,Annual General Meeting/Final Dividend - Rs 7/- Per Share/Special Dividend - Rs 5/- Per Share
INE493A01019,2017-06-30,47666b4e34f18057,1.5,1.75,Annual General Meeting/Dividend - Re 1.50 Per Share/Special Dividend Re 0.25 Per Share
INE277A01016,2017-07-06,1ce2e63a80eac177,18,43.0,Final Dividend Rs 18/- Per Share + Special Dividend Rs 25/- Per Share
INE726G01019,2017-07-07,79df11aa8228fc08,2.3,3.5,Annual General Meeting/Dividend - Rs 2.30/- Per Share/Special Dividend Rs 1.20/- Per Share
INE978A01019,2017-08-11,ee646809de3c2c86,3,4.0,Annual General Meeting/Dividend - Rs 3/- Per Share/Special Dividend Re 1/- Per Share
INE182A01018,2017-08-22,7abfa910b55a7ea8,15,20.0,Dividend Rs 15/- Per Share + Special Dividend Rs 5/- Per Share
INE225D01019,2017-08-23,6b8bc8e5bf244add,1,2.0,Annual General Meeting/Dividend - Re 1/- Per Share/ Interim Dividend Re 1/- Per Share (Purpose Revised)
INE570D01018,2017-09-07,55c69db0df7e91fa,4.5,5.6,Annual General Meeting/Dividend - Rs 4.50 Per Share/Special Dividend - Rs 1.10 Per Share
INE791I01019,2017-09-13,45d63418db67ee90,2,2.5,Dividend - Rs 2 Per Share/Special Dividend Re 0.50 Per Share
INE018I01017,2017-11-02,176a47b398bdc1b7,2,4.0,Interim Dividend -   Rs 2/- Per Share/ Special Dividend Rs 2/- Per Share (Purpose Revised)
INE726G01019,2017-11-02,9488362bdd0d08ca,2.3,3.4,Interim Dividend - Rs 2.30 Per Share/ Special Dividend Rs 1.10 Per Share (Purpose Revised)
INE009A01021,2018-06-14,f617dda81ccbbb0b,20.5,30.5,Annual General Meeting/ Final Dividend Rs 20.50 Per Shar/ Special Dividend - Rs 10 Per Share
INE726G01019,2018-06-18,b36c5a51b681d633,2.2,3.3,Annual General Meeting / Final Dividend- Rs 2.20 Per Share / Special Dividend- Rs 1.10 Per Share
INE016A01026,2018-07-04,67ccc339f058ae6b,1.25,6.25,Annual General Meeting/ Final Dividend- Rs 1.25 Per Share/ Special Dividend- Rs 5 Per Share
INE358A01014,2018-07-10,3842e89856f2ed2d,50,55.0,Annual General Meeting / Final Dividend- Rs 50 Per Share / Special Dividend- Rs 5 Per Share
INE277A01016,2018-07-12,254162cbcb2b6441,25,50.0,Annual General Meeting /Final Dividend Rs 25 Per Share/Special Dividend Rs 25/- Per Share
INE672A01018,2018-07-13,869a2147aa5466d0,18,20.0,Annual General Meeting/ Final Dividend- Rs 18/- Per Share/ Special Dividend Rs 2/- Per Share
INE048G01018,2018-07-13,1191b3cea45e3f24,3.6,6.6,Final Dividend- Rs 3.60 Per Share/ Special Dividend- Rs 3 Per Share
INE092A01019,2018-07-16,5f92ffaa718eefcb,11,22.0,Annual General Meeting/Final Dividend- Rs 11 Per Share/ Special Dividend- Rs 11 Per Share
INE472A01039,2018-07-26,ca442b6e62acd590,8.5,10.0,Annual General Meeting/ Final Dividend- Rs 8.50 Per Share/ Special Dividend- Rs 1.50 Per Share
INE296H01011,2018-08-01,4facbdd09624d14d,1.5,2.0,Annual General Meeting/Final Dividend Rs 1.50 Per Share/Special Dividend Re 0.50 Per Share
INE225D01019,2018-08-02,4fcd7e3896225f58,1.5,2.5,Annual General Meeting/ Final Dividend- Rs 1.50 Per Share/ Interim Dividend- Re 1 Per Share
INE142I01023,2018-08-02,21e43670a0cf1b68,0.4,1.0,Annual General Meeting/Final Dividend- Re 0.40 Per Share/ Special Dividend- Re 0.60 Per Share (Purpose Revised)
INE752H01013,2018-09-18,180bef81e428e9a5,12,37.0,Annual General Meeting/ Final Dividend-Rs 12 Per Share/ Special Dividend- Rs 25 Per Share
INE509F01011,2018-09-18,e2bae99d5140457f,2,2.5,Dividend Rs 2/- Per Share/ Special Dividend Re 0.50 Per Share
INE761H01022,2019-02-21,e39391be72e65e65,41,111.0,Interim Dividend - Rs 41 Per Share And Special Dividend - Rs 70 Per Share
INE513A01014,2019-04-22,1b370e358538db98,20,30.0,Annual General Meeting/ Final Dividend - Rs 20 Per Share / Special Dividend - Rs 10 Per Share
INE199A01012,2019-05-23,b27d544e34aeba7f,416,440.0,Annual General Meeting / Special Dividend - Rs 416 Per Share/ Final Dividend - Rs 24 Per Share
INE373A01013,2019-07-04,c226a685800b975b,3,5.0,Annual General Meeting/Dividend - Rs 3 Per Share/ Special Dividend - Rs 2 Per Share
INE231C01019,2019-07-05,f9209f0386695943,2,5.0,Annual General Meeting/Dividend - Rs 2 Per Share/ Special Dividend - Rs 3 Per Share
INE018I01017,2019-07-08,e84be866bfbd514f,4,24.0,Annual General Meeting/Dividend Rs 4 Per Share/Special Dividend Rs 20 Per Share
INE277A01016,2019-07-11,84c17064fc788dce,25,50.0,Final Dividend - Rs 25 Per Share/ Special Dividend - Rs 25 Per Share
INE774D01016,2019-07-15,441be0b0d2c2a4ab,4,6.5,Annual General Meeting/Dividend - Rs 4 Per Share/ Special Dividend - Rs 2.5 Per Share
INE540H01012,2019-08-05,e93ce705ebf819f1,15,22.5,Annual General Meeting/Final Dividend - Rs 15 Per Share/ Special Dividend - Rs 7.5 Per Share
INE239A01016,2019-08-09,ff705778f5862105,23,203.0,Interim Dividend - Rs 23 Per Share/ Special Dividend - Rs180 Per Share
INE358A01014,2019-08-13,b2400274a9fbae4f,50,65.0,Annual General Meeting/ Final Dividend - Rs 50 Per Share/ Special Dividend - Rs 15 Per Share
INE049A01027,2019-09-13,e357be5d773b542d,3.5,5.0,Annual General Meeting/Dividend - Rs 3.50 Per Share/ Special Dividend - Rs 1.50 Per Share
INE467B01029,2019-10-17,9aa85a82f6695759,5,45.0,Interim Dividend - Rs 5 Per Share And Special Dividend - Rs 40 Per Share
INE076B01010,2019-10-29,2b782e6f08e5ca81,2.2,6.2,Interim Dividend - Rs 2.20 Per Sh And Special Dividend - Rs 4 Per Sh
INE663A01017,2019-10-31,1ca6f1a8978fffce,1,4.0,Interim Dividend - Re 1 Per Sh Special Dividend - Rs 3 Per Sh
INE225D01019,2020-02-17,fc31c089556dba63,2,20.0,Interim Dividend - Rs 2 Per Share/ Splecial Dividend - Rs 18 Per Share
INE602A01023,2020-02-25,be7940d9c1cf06f6,3.5,7.0,Interim Dividend - Rs 3.5 Per Share Special Dividend - Rs 3.5 Per Share
INE421D01014,2020-03-06,7e5617ea533c5fc8,1.5,3.0,Interim Dividend - Rs 1.5 Per Share Special Dividend - Rs 1.5 Per Share
INE659A01015,2020-03-12,f7771371a89ddcc2,5.8,6.3,Interim Dividend - Rs 5.8 Per Share Special Dividend - Rs 0.50 Per Share
INE901L01018,2020-03-16,3f5ec03c5a1a267a,7,10.0,Interim Dividend - Rs 7 Per Share Special Dividend - Rs 3 Per Share
INE231F01020,2020-03-17,3c71fcef3b5269f0,15,50.0,Interim Dividend - Rs 15 Per Share Special Dividend - Rs 35 Per Share
INE685A01028,2020-03-18,b1ebf950b4a7154b,17,32.0,Interim Dividend - Rs 17 Per Share Special Dividend - Rs 15 Per Share
INE730A01022,2020-03-19,2258dcc3ed9ea0c5,0.5,0.8,Interim Dividend - Rs 0.5 Per Share Special Dividend - Rs 0.3 Per Share
INE059A01026,2020-03-19,4c20c851c6e67151,3,4.0,Interim Dividend - Rs 3 Per Share Special Dividend - Re 1 Per Share
INE276A01018,2020-03-20,55746400cb97e845,7,17.0,Interim Dividend -Rs 7 Per Share Special Dividend - Rs 10 Per Share
INE600K01018,2020-03-23,0dde36a3f00cff74,8,14.0,Interim Dividend - Rs 8 Per Share Special Dividend -Rs 6 Per Share
INE277A01016,2020-07-02,0b9ade08debd5c41,25,40.0,Dividend - Rs 25 Per Share Special Dividend - Rs 15 Per Share
INE159A01016,2020-07-17,e22d9f3da7b0379b,20,40.0,Dividend - Rs 20 And Special Dividend - Rs 20 Per Share
INE473B01035,2020-07-28,9185db5f32d999dc,4,8.0,Interim Dividend - Rs 4 Per Share Special Dividend Rs 4 Per Share
INE630A01016,2020-07-28,2e593b688959cdd6,3.5,4.0,Annual General Meeting/Dividend - Rs 3.50 Per Share Special Dividend - Rs 0.50 Per Share
INE866R01028,2020-07-30,a1397ea828cee73e,1.5,3.5,Dividend - Rs  1.50 Per Share And Special Dividend - Rs 2. Per Share
INE358A01014,2020-08-28,7bf4263eae90c64f,107,250.0,Annual General Meeting/Dividend - Rs 107 Per Share And Special Dividend - Rs 143 Per Share
INE473A01011,2020-09-10,0b1d072191bdc6a0,2.5,10.0,Annual General Meeting/Dividend - Rs 2.50 Per Share And Special Dividend - Rs 7.50 Per Share
INE002S01010,2020-09-16,ef29b54d75e0ff2b,10.5,25.5,Annual General Meeting/Dividend - Rs 10.50 Per Share And Special Dividend - Rs 15 Per Share
INE752E01010,2021-12-22,7b7b6f7d731f7125,4,7.0,Interim Dividend - Rs 4 Per Share/ Special Dividend - Rs 3 Per Share
INE199A01012,2020-11-18,003e393779aa9c9e,42,230.0,Annual General Meeting/Dividend - Rs 42 Per Share Special Dividend - Rs 188 Per Share
INE158A01026,2021-02-15,16bbc3999657cc30,65,70.0,Interim Dividend - Rs 65 Per Share Special Dividend - Rs 5 Per Share
INE860A01027,2021-04-29,35ab329c6a211d64,6,16.0,Interim Dividend - Rs 6 Per Share Special Interim Dividend - Rs 10 Per Share
INE239A01016,2018-05-16,8d33b6829cb4d9fe,23,43.0,Annual General Meeting/ Final Dividend - Rs 23 Per Share/ Interim Dividend - Rs 20 Per Share (Purpose Revised)
INE670A01012,2021-06-17,35d5989774939607,24,48.0,Annual General Meeting/Dividend - Rs 24 Per Share/Special Dividend - Rs 24 Per Share
INE531A01016,2021-06-17,d9b4dede26469783,2,4.0,Annual General Meeting/Dividend - Rs 2 Per Share/Special Dividend - Rs 2 Per Share
INE277A01016,2021-07-01,f96b1a7839068538,50,69.0,Dividend - Rs 50 Per Share/Special Dividend - Rs 19 Per Share
INE838E01017,2021-07-06,784b2c85b15fef71,4,5.0,Annual General Meeting/Dividend - Rs 4 Per Share/Special Dividend - Re 1 Per Share
INE042A01014,2021-07-15,fbddba4e69fd1c95,5,7.5,Annual General Meeting/Dividend - Rs 5 Per Share/Special Dividend - Rs 2.50 Per Share
INE891D01018,2021-07-16,c84f9dc7006ae0d5,7.6,11.6,Dividend - Rs 7.60 Per Share/ Special Dividend - Rs 4 Per Share
INE288B01011,2021-07-20,be61f19ff50149c0,4.5,5.5,Annual General Meeting/Dividend - Rs 4.50 Per Share/ Special Dividend - Re 1 Per Share
INE373A01013,2021-07-22,c720dcf1ebbfbf30,5,10.0,Annual General Meeting/Dividend - Rs 5 Per Share/Special Dividend - Rs 5 Per Share
INE158A01026,2021-07-22,666eca4b7b8edf11,25,35.0,Annual General Meeting/Dividend - Rs 25 Per Share/ Special Dividend - Rs 10 Per Share
INE133Y01011,2021-07-29,4689a74afff9ebbe,4,10.0,Annual General Meeting/Dividend - Rs 4 Per Share/ Special Dividend - Rs 6 Per Share
INE177H01013,2021-08-03,960f2da45a50c9e9,13.5,18.5,Dividend - Rs 13.50 Per Share/ Interim Dividend - Rs 5 Per Share
INE533A01012,2021-08-04,30235381bf09a688,18,98.0,Annual General Meeting/Dividend - Rs 18 Per Share Special Dividend Rs 80 Per Share
INE883A01011,2021-08-04,65ccbbd804697e8d,94,144.0,Annual General Meeting/Dividend - Rs 94 Per Share/Special Dividend - Rs 50 Per Share
INE182A01018,2021-08-11,d945b78ecef53634,30,35.0,Annual General Meeting/Dividend - Rs 30 Per Share/Special Dividend - Rs 5 Per Share
INE047A01013,2021-08-12,0da43396cfd5a276,5,9.0,Annual General Meeting/Dividend - Rs 5  Per Share/ Special Dividend - Rs 4 Per Share
INE686Y01026,2021-08-13,4192c614ec95a655,6,11.0,Annual General Meeting/Dividend - Rs 6 Per Share/Special Dividend - Rs 5 Per Share
INE895B01021,2021-08-23,c226a685800b975b,3,5.0,Annual General Meeting/Dividend - Rs 3 Per Share/ Special Dividend - Rs 2 Per Share
INE934S01014,2021-09-09,cdbe76eca9cc115e,2.5,5.0,Dividend - Rs 2.50 Per Share/ Special Dividend - Rs 2.50 Per Share
INE356A01018,2021-09-13,d0f3ad5b18e62513,38,65.0,Annual General Meeting/Dividend - Rs 38 Per Share/Special Dividend - Rs 27 Per Share
INE183A01016,2021-09-14,d9b4dede26469783,2,4.0,Annual General Meeting/Dividend - Rs 2 Per Share/Special Dividend - Rs 2 Per Share
INE029A01011,2021-09-16,59abf2d7491da8c5,23,58.0,Annual General Meeting/Dividend - Rs 23 Per Share/Special Dividend - Rs 35 Per Share
INE170I01016,2021-09-20,f7e8ca09676bfeca,7,22.0,Annual General Meeting/Dividend - Rs 7 Per Share/Special Dividend - Rs 15 Per Share
INE199A01012,2021-11-02,1d7c1b1564a217c3,40,130.0,Annual General Meeting/Dividend - Rs 40 Per Share/Special Dividend - Rs 90 Per Share
INE152M01016,2021-11-08,9b01356da93738a1,0.4,1.0,Interim Dividend - Rs 0.40 Per Share/ Special Dividend - Rs 0.60 Per Share
INE03QK01018,2022-02-15,ce54fd76cc373d57,1,3.0,Interim Dividend - Re 1 Per Share/ Special Dividend - Rs 2 Per Share
INE787D01018,2022-02-21,4e29c0e7bfacb6cd,4,16.0,Interim Dividend - Rs 4 Per Share/Special Dividend - Rs 12 Per Share
INE303A01010,2022-03-14,86a1a9c62c13ce87,3,5.0,Dividend - Rs 3 Per Share/Special Dividend - Rs 2 Per Sh
INE007A01017,2022-03-30,5d94bdab4196750f,15,22.0,Annual General Meeting/Dividend - Rs 15  Per Share/ Special Dividend - Rs 7 Per Share
INE058A01010,2022-04-12,36000032588f04d4,181,490.0,Annual General Meeting/Dividend - Rs 181  Per Share/Special Dividend - Rs 309 Per Share
INE239A01016,2022-04-21,c0489c00761646f4,25,90.0,Interim Dividend - Rs 25 Per Sh/Dividend - Rs 65 Per Share
INE03QK01018,2022-05-13,f4c92cabe621e4f8,1,2.0,Interim Dividend - Re 1 Per Share/Special Dividend - Re 1 Per Share
INE473A01011,2022-06-01,27d7d36ee01cefc2,3.5,13.5,Annual General Meeting/Dividend - Rs 3.50 Per Share/Special Dividend - Rs 10 Per Share
INE205B01023,2022-06-09,cb84f9f783c5ebca,1,1.4,Annual General Meeting/Final Dividend- Re 1 Per Share/Special Dividend- Rs 0.40 Per Share
INE739E01017,2022-06-13,b7382fb881dfe51e,20,35.0,Annual General Meeting/Dividend - Rs 20 Per Share/ Special Dividend - Rs 15 Per Share
INE539A01019,2022-06-22,693055fb9c280c47,10,15.0,Annual General Meeting/Dividend - Rs 10 Per Share/Special Dividend- Rs 5 Per Share
INE202Z01029,2022-06-29,103f8fa79a3dcfb2,1,1.75,Annual General Meeting/Dividend - Rs 1 Per Share/Special Dividend - Rs 0.75 Per Share
INE398R01022,2022-06-30,b9fdeda9c0f1bee0,0.5,1.0,Dividend - Rs 0.50 Per Share/Special Dividend - Rs 0.50 Per Share
INE159A01016,2022-07-07,492884882ef212b4,30,90.0,Dividend - Rs 30  Per Share/Special Dividend- Rs 60 Per Share
INE323A01026,2022-07-14,4846305fad9716f9,110,210.0,Annual General Meeting/Dividend - Rs 110 Per Share/Special Dividend - Rs 100 Per Share
INE669C01028,2022-07-21,d56bea12929bf54a,15,30.0,Annual General Meeting/Special Dividend - Rs 15 Per Share/Dividend - Rs 15 Per Share
INE557A01011,2022-07-21,bc78deff09f5f06f,25,45.0,Annual General Meeting/Dividend - Rs 25 Per Share/Special Dividend - Rs 20 Per Share
INE533A01012,2022-07-22,56c48cf9aca75b5e,20,100.0,Dividend - Rs 20 Per Share/Special Dividend- Rs 80 Per Share
INE074A01025,2022-07-27,b40c552779424174,2.7,4.2,Annual General Meeting/Dividend - Rs  2.70 Per Share/ Special Dividend- Rs 1.50 Per Share
INE250B01029,2022-07-29,c720dcf1ebbfbf30,5,10.0,Annual General Meeting/Dividend - Rs 5 Per Share/Special Dividend - Rs 5 Per Share
INE458F01011,2022-08-01,b139ed723534a328,1.7,2.7,Annual General Meeting/Dividend - Rs 1.70 Per Share/Special Dividend - Rs 1 Per Share
INE688E01024,2022-08-02,2df794dcb84de45b,1.25,1.85,Annual General Meeting/Dividend - Rs 1.25 Per Share/ Special Dividend - Rs 0.60 Per Share
INE176A01010,2022-08-04,23ffcbe928a2e11f,4,54.5,Annual General Meeting/Dividend - Rs 4 Per Share/Special Dividend - Rs 50.5 Per Share
INE865T01018,2022-08-04,0521e03fe310ce45,0.3,0.5,Annual General Meeting/Dividend - Rs 0.30 Per Share/Special Dividend - Rs 0.20 Per Share
INE047A01013,2022-08-11,c720dcf1ebbfbf30,5,10.0,Annual General Meeting/Dividend - Rs 5 Per Share/Special Dividend - Rs 5 Per Share
INE152M01016,2022-08-11,d5588a77a7e524ee,0.85,1.55,Dividend - Re 0.85 Per Share/ Special Dividend - Re 0.70 Per Share
INE183A01016,2022-08-22,2aaee8be417b9d03,2,4.0,Annual General Meeting/Dividend - Rs  2 Per Share/Special Dividend - Rs 2 Per Share
INE177F01017,2022-08-25,3e3487ce7f5b7f8b,3,6.0,Annual General Meeting/Dividend - Rs 3 Per Share/Special Dividend Rs 3 Per Share
INE03QK01018,2022-09-09,c8e9477fc9f90406,1,6.0,Interim Dividend - Re 1 Per Share/Special Dividend- Rs 5 Per Share
INE873D01016,2022-09-14,fe7301dfdbb47a59,1.5,2.25,Annual General Meeting/Dividend - Rs  1.50 Per Share/Special Dividend- Rs 0.75 Per Share
INE715B01013,2022-09-15,d9b4dede26469783,2,4.0,Annual General Meeting/Dividend - Rs 2 Per Share/Special Dividend - Rs 2 Per Share
INE387A01021,2022-11-17,dc2d4a97241e6ef9,3.57,5.57,Interim Dividend - Rs 3.57 Per Share & Special Dividend - Rs 2 Per Share
INE177A01018,2022-11-22,6775105d68d08301,7,30.0,Interim Dividend - Rs 7 Per Share & Special Dividend - Rs 23 Per Share
INE633B01018,2022-11-24,b0f211c3e561f472,20,55.0,Interim Dividend - Rs 20 Per Share & Special Dividend - Rs 35 Per Share
INE467B01029,2023-01-16,6dc0fbd7ff3b272f,8,75.0,Interim Dividend - Rs 8 Per Share Special Dividend - Rs 67 Per Share
INE540L01014,2023-02-17,fe3afc98e9f60fae,15,40.0,Interim Dividend - Rs 15 Per Share & Special Dividend Rs 25 Per Share
INE813H01021,2023-02-22,4101c24546fbbadb,9,22.0,Interim Dividend - Rs 09 Per Share / Special Dividend - Rs 13 Per Share
INE041A01016,2023-04-18,3af3d0168e480b31,5,6.0,Interim Dividend - Rs 5 Per Share/ Special Dividend - Rs 1 Per Share
INE058A01010,2023-04-28,050f09ba9f43c7da,194,377.0,Final Dividend - Rs  194/ Special Dividend - Rs 183 Per Share
INE519A01011,2023-05-17,cb51f213e809f42c,25,40.0,Annual General Meeting/Dividend - Rs 25 Per Share/ Special Dividend - Rs 15 Per Share
INE154A01025,2023-05-30,f52ce7b38a955901,6.75,9.5,Dividend - Rs 6.75 Per Share /Special Dividend - Rs 2.75 Per Share
INE922A01025,2023-06-09,52704975b3ecc985,1,15.0,Annual General Meeting/Dividend - Re 1 Per Share/ Special Dividend - Rs 14 Per Share
INE675C01017,2023-06-09,3d9bb39b390c1ea7,3,5.5,Dividend - Rs 3 Per Share/ Special Dividend - Rs 2.50 Per Share
INE398R01022,2023-06-30,aebf95f045795034,0.5,1.25,Dividend - Rs 0.50 Per Share/Special Dividend - Rs 0.75 Per Share
INE202Z01029,2023-07-03,74e03f2a878c88e2,1.5,2.5,Annual General Meeting/Dividend - Rs 1.50 Per Share/ Special Dividend - Re 1 Per Share
INE752H01013,2023-07-07,c07d187754e96f08,7,15.0,Dividend - Rs 7 Per Share /Special Dividend - Rs 8 Per Share
INE262H01013,2023-07-11,b97b3858d91fd2e9,12,22.0,Annual General Meeting/Dividend - Rs 12 Per Share/ Special Dividend - Rs 10 Per Share
INE438A01022,2023-07-14,ccb7064ef922da31,4,4.5,Dividend - Rs 4 Per Share/ Special Dividend - Re 0.50 Per Share
INE234A01025,2023-07-20,a6341101b9640d1f,10,47.5,Annual General Meeting/Dividend - Rs 10 Per Share/Special Dividend - Rs 37.50 Per Share
INE034A01011,2023-07-21,5835b73a4f74d34c,3.75,5.75,Annual General Meeting/Dividend - Rs 3.75 Per Share/Special Dividend Rs 2 Per Share
INE034S01021,2023-07-21,b09913e057ac2e3e,1.65,3.3,Annual General Meeting/Dividend - Rs 1.65 Per Share/Special Dividend - Rs 1.65 Per Share
INE358A01014,2023-07-21,204dff5a3f51b6d5,180,325.0,Dividend - Rs 180 Per Share/ Special Dividend Rs 145 Per Share
INE250B01029,2023-07-26,c720dcf1ebbfbf30,5,10.0,Annual General Meeting/Dividend - Rs 5 Per Share/Special Dividend - Rs 5 Per Share
INE725G01011,2023-07-28,1d7c1b1564a217c3,40,130.0,Annual General Meeting/Dividend - Rs 40 Per Share/Special Dividend - Rs 90 Per Share
INE540H01012,2023-07-31,391193d9c06ec248,40,60.0,Annual General Meeting/Dividend - Rs  40 Per Share/Special Dividend - Rs 20 Per Share
INE031B01015,2023-08-04,56965b5ad02bc03e,10,25.0,Interim Dividend - Rs 10 Per Share/Special Dividend - Rs 15 Per Share
INE688E01024,2023-08-04,8af46a5eed0af61b,1.5,2.5,Annual General Meeting/Dividend - Rs 1.50 Per Share/Special Dividend - Re 1 Per Share
INE473A01011,2023-08-10,fe0b7a21bfe77216,4.5,12.0,Annual General Meeting/Dividend - Rs 4.50 Per Share/Special Dividend -Rs 7.50 Per Share
INE182A01018,2023-08-11,8d413b13ba376f34,35,40.0,Dividend - Rs 35 Per Share/ Special Dividend - Rs 5 Per Share
INE177F01017,2023-08-11,0aded7c9c280fc93,5,10.0,Dividend - Rs 5 Per Share/Special Dividend - Rs 5 Per Share
INE017A01032,2023-08-14,94bd2a0e3a21bab8,5.4,12.9,Interim Dividend - Rs 5.40 Per Share/ Special Dividend - Rs 7.50 Per Share
INE250K01012,2023-08-18,c720dcf1ebbfbf30,5,10.0,Annual General Meeting/Dividend - Rs 5 Per Share/Special Dividend - Rs 5 Per Share
INE976E01023,2023-09-01,c52bcd2dd3870c0b,0.25,0.5,Annual General Meeting/Dividend - Re 0.25 Per Share/Special Dividend Re 0.25 Per Share
INE385C01013,2023-09-08,4a52dff7987f5b1c,0.75,1.5,Dividend - Re 0.75 Per Share/Special Dividend - Re 0.75 Per Share
INE077F01035,2023-09-14,c720dcf1ebbfbf30,5,10.0,Annual General Meeting/Dividend - Rs 5 Per Share/Special Dividend - Rs 5 Per Share
INE733A01018,2023-09-15,af1976fb313a54ff,3.5,5.0,Dividend - Rs 3.50 Per Share/Special Dividend - Rs 1.50 Per Share
INE039O01011,2023-09-22,af22707c80914568,4,6.0,Annual General Meeting/Dividend - Rs 4 Per Share/Special Dividend Rs 2 Per Share
INE365B01017,2023-09-22,45129c7047722701,3.75,5.0,Annual General Meeting/Dividend - Rs 3.75 Per Share/Special Dividend - Rs 1.25 Per Share
INE048G01018,2023-11-10,e74477685fb777c3,5,8.0,Interim Dividend - Rs 5 Per Share/ Special Dividend - Rs 3 Per Share
INE467B01029,2024-01-19,6c55c080db2e111c,9,27.0,Interim Dividend - Rs 9 Per Share Special Dividend - Rs 18 Per Share
INE322A01010,2024-02-08,028784ac6ef1be51,45,85.0,Interim Dividend - Rs 45 Per Share & Special Dividend - Rs 40 Per Share
INE179A01014,2024-02-09,47a1c3e16d6e48e5,100,160.0,Interim Dividend - Rs 100 Per Share/ Special Dividend - Rs 60 Per Share
INE256C01024,2024-02-09,1a453af823dcb0b6,2.25,4.5,Interim Dividend - Rs 2.25 Per Share & Special Dividend Rs 2.25 Per Share
INE199A01012,2024-02-14,792dd2fd2fba7dbf,50,200.0,Interim Dividend - Rs 50 Per Share & Special Dividend Rs 150 Per Share
INE152M01016,2024-02-16,72827068eca4bb43,1.3,2.3,Interim Dividend - Rs 1.30 Per Share/ Special Dividend - Re 1 Per Share
INE158A01026,2024-02-21,4e8c80fb8c38b8df,75,100.0,Interim Dividend - Rs 75 Per Share/ Special Dividend - Rs 25 Per Share
INE009A01021,2024-05-31,dc76c2789131372a,8,28.0,Annual General Meeting/Special Dividend - Rs 8 Per Share /Dividend - Rs 20 Per Share
INE155A01022,2024-06-11,5474dbe01ea784d0,3,6.0,Dividend - Rs 3 Per Share & Special Dividend - Rs 3 Per Share
IN9155A01012,2024-06-11,96be5356e67edb80,3.1,6.2,Dividend - Rs 3.10 Per Share & Special Dividend - Rs 3.10 Per Share
INE142M01025,2024-06-13,5f623fd20f65f373,8.4,10.05,Dividend - Rs 8.40 Per Share & Special Dividend Rs 1.65 Per Share
INE692G01013,2024-06-14,abba59337e8872cc,2,4.0,Dividend - Rs 2 Per Share & Special Dividend - Rs 2 Per Share
INE531A01016,2024-06-21,cda8475ecb09ea16,1.25,3.75,Annual General Meeting/Special Dividend - Rs 1.25 Per Share/ Dividend - Rs 2.50 Per Share
INE470A01017,2024-07-05,444cfed320eec5d7,525,685.0,Special Dividend - Rs 525 Per Share/ Dividend - Rs 160 Per Share
INE823G01014,2024-07-09,962b8af5462b5e2c,15,20.0,Annual General Meeting/Dividend - Rs 15 Per Share/Special Dividend - Rs 5 Per Share
INE250K01012,2024-07-12,95f739bee8dd44c3,8,13.0,Annual General Meeting/Dividend - Rs 8 Per Share & Special Dividend Rs 5 Per Share
INE785A01026,2024-07-12,85c65ed34aa04dc5,5,7.5,Dividend - Rs 5 Per Share & Special Dividend - Rs 2.5 Per Share
INE736A01011,2024-07-16,e1ba16f64a72d226,19,22.0,Dividend - Rs 19/ Special Dividend - Rs 3 Per Share
INE034S01021,2024-07-18,ba8e8fff99017b8e,2.5,3.5,Annual General Meeting/Dividend - Rs 2.50 Per Share/Special Dividend - Re 1 Per Share
INE094J01016,2024-07-18,b58df618978749ef,24,47.0,Dividend - Rs 24 Per Share & Special Dividend Rs 23 Per Share
INE034A01011,2024-07-19,c1d84c58b2d489da,3.75,4.75,Dividend - Rs 3.75 Per Share/Special Dividend - Re 1 Per Share
INE409B01013,2024-07-22,54bc97bb62e1158d,3,4.0,Annual General Meeting/Dividend - Rs 3 Per Share/Special Dividend - Re 1 Per Share
INE347W01011,2024-07-25,4bd716da0ad6acb0,10,15.0,Annual General Meeting/Dividend - Rs 10 Per Share/Special Dividend - Rs 5 Per Share
INE294Z01018,2024-07-26,962b8af5462b5e2c,15,20.0,Annual General Meeting/Dividend - Rs 15 Per Share/Special Dividend - Rs 5 Per Share
INE231C01019,2024-07-29,303c392ebb3701c5,3,5.0,Dividend - Rs 3 Per Share/Special Dividend - Rs 2 Per Share
INE473A01011,2024-08-05,6388832774846b18,4,12.0,Annual General Meeting/Dividend - Rs 4 Per Share/ Special Dividend - Rs 8 Per Share
INE850E01012,2024-08-14,9d561449799ce448,3.4,4.0,Annual General Meeting/Dividend - Rs 3.4 Per Share/Special Dividend - Re 0.60 Per Share
INE177H01013,2024-08-16,8484de2e95e50069,5,6.25,Dividend - Rs 5 Per Share/Special Dividend - Rs 1.25 Per Share
INE332A01027,2024-08-16,311d78e19a96c3eb,0.4,0.6,Dividend - Rs 0.40 Per Share/Special Dividend - Rs. 0.20 Per Share
INE709A01018,2024-09-20,92d8f3ceb20dded2,1.5,2.5,Annual General Meeting/Dividend - Rs 1.5 Per Share/Special Dividend - Re 1 Per Share
INE059D01012,2024-09-23,c720dcf1ebbfbf30,5,10.0,Annual General Meeting/Dividend - Rs 5 Per Share/Special Dividend - Rs 5 Per Share
INE030A01027,2024-11-06,87315c2c251ea516,19,29.0,Interim Dividend - Rs 19 Per Share/Special Dividend - Rs 10 Per Share
INE596I01012,2024-11-08,79ac8e5c334fe5d3,14.5,25.0,Interim Dividend - Rs 14.5 Per Share/Special Dividend - Rs 10.5 Per Share
INE860A01027,2025-01-17,226e62c4c4894066,12,18.0,Interim Dividend - Rs 12 Per Share Special Dividend - Rs 6 Per Share
INE467B01029,2025-01-17,c3867ca3126c166d,10,76.0,Interim Dividend - Rs 10 Per Share Special Dividend - Rs 66 Per Share
INE317I01021,2025-03-07,702eaa66179546ef,3,17.5,Interim Dividend - Rs 3 Per Share & Special Dividend - Rs 14.50 Per Share
INE172A01027,2025-03-18,c724ee72612008d1,5,9.5,Dividend - Rs 5 Per Share & Special Dividend - Rs 4.50 Per Share
INE925R01014,2025-05-23,ec77ec43c5dd44e0,3.25,6.25,Dividend - Rs 3.25 Per Share/Special Dividend - Rs 3 Per Share
INE933S01016,2025-06-06,73aca6e16b9629e6,30,50.0,Dividend - Rs 30 Per Share/Special Dividend - Rs 20 Per Share
INE142M01025,2025-06-16,ed5ff33c96d5a122,8.35,11.7,Dividend - Rs 8.35 Per Share & Special Dividend - Rs 3.35 Per Share
INE059A01026,2025-06-27,ca845d180faf68f2,13,16.0,Dividend - Rs 13 Per Share/Special Dividend - Rs 3 Per Share
INE105J01010,2025-06-27,029d09eb05cb7111,20,24.0,Dividend - Rs 20 Per Share/ Special Dividend - Rs 4 Per Share
INE288A01013,2025-06-27,c0680f13f5486a78,30,60.0,Dividend - Rs 30 Per Share/ Special Dividend - Rs 30 Per Share
INE182A01018,2025-07-09,6788e70eed420c95,35,165.0,Dividend - Rs 35 Per Share & Special Dividend Of Rs 100 Per Share/ Special Dividend Of Rs 30
INE169A01023,2025-07-17,9b31d821012fc09b,6,9.0,Dividend - Rs 6 Per Share & Special Dividend Rs 3 Per Share
INE323C01022,2025-07-18,01ae4587d03e7c26,1.8,5.8,Dividend - Rs 1.80 Per Share/ Special Dividend - Rs 4 Per Share
INE306R01017,2025-07-18,54f34564e9e0eb84,4,7.0,Annual General Meeting /Dividend - Rs 4 Per Share & Special Dividend - Rs 3 Per Share
INE094J01016,2025-07-24,d86feec763ce8eb6,26,48.0,Dividend - Rs 26 Per Share And Special Dividend Rs 22 Per Share
INE470A01017,2025-07-25,5b2236f5759ef62f,160,535.0,Dividend - Rs 160 Per Share & Special Dividend - Rs 375
INE296H01011,2025-08-04,2fbab14f67cc81bc,1.5,4.0,Dividend - Rs 1.50 Per Share & Special Dividend Rs 2.50 Per Share
INE231C01019,2025-08-05,303c392ebb3701c5,3,5.0,Dividend - Rs 3 Per Share/Special Dividend - Rs 2 Per Share
INE473A01011,2025-08-07,77bc8d56f2b7c1aa,4.5,12.0,Dividend - Rs 4.50 Per Share & Special Dividend - Rs 7.50 Per Share
INE183A01016,2025-09-04,e56ad202e6853a2d,2,3.6,Dividend - Rs 2 Per Share & Special Dividend - Rs 1.60 Per Share
INE467B01029,2026-01-16,0b347cf0ab8c9e5c,11,57.0,Interim Dividend Rs 11 Per Share/ Special Dividend Rs 46 Per Share
INE322A01010,2026-02-04,bd12ec3b64db3f92,120,180.0,Interim Dividend - Rs 120 Per Share/Special Dividend - Rs 60 Per Share
INE179A01014,2026-02-05,ac0d17f905f795da,170,195.0,Interim Dividend - Rs 170 Per Share/ Special Dividend - Rs 25 Per Share
INE199A01012,2026-02-12,bd7f45df33299927,110,160.0,Interim Dividend - Rs 110 Per Share & Special Dividend Rs 50 Per Share
INE079J01017,2026-02-12,3a465bffed089ce0,0.75,2.0,Interim Dividend - Re 0.75 Per Share & Special Dividend Rs 1.25 Per Share
INE199G01027,2026-06-05,09dc17da7bbb9cf7,7,10.0,Interim Dividend - Rs 7 Per Share & Special Dividend Rs 3 Per Share
INE142M01025,2026-06-18,ed5ff33c96d5a122,8.35,11.7,Dividend - Rs 8.35 Per Share & Special Dividend - Rs 3.35 Per Share
INE933S01016,2026-06-19,c0680f13f5486a78,30,60.0,Dividend - Rs 30 Per Share/ Special Dividend - Rs 30 Per Share
INE118A01012,2026-06-30,413747a47046064a,80,130.0,Dividend - Rs 80 Per Share & Special Dividend Rs 50 Per Share
INE152A01029,2026-07-03,49a3e1c83c8b1230,14,20.0,Dividend - Rs 14 Per Share/Special Dividend - Rs 6 Per Share
INE09XN01023,2026-07-03,7a6567f23043efea,1,3.0,Dividend - Re 1 Per Share/Special Dividend - Rs 2 Per Share
INE250K01012,2026-07-10,cf9072765e2374e2,20,27.5,Dividend - Rs 20 Per Share/Special Dividend - Rs 7.50
INE323C01022,2026-07-17,780f6e1a038d2f5e,2,5.0,Dividend - Rs 2 Per Share/Special Dividend - Rs 3 Per Share
INE470A01017,2026-07-17,9c66f87d7da0543d,160,506.0,Dividend - Rs 160 Per Share/Special Dividend - Rs 346 Per Share
INE803D01021,2026-07-21,1ed4551e65d53e09,10,40.0,Dividend - Rs 10 Per Share/Special Dividend - Rs 30 Per Share
INE725G01011,2026-07-23,50a28ec0e8b5f693,70,105.0,Dividend - Rs 70 Per Share/Special Dividend - Rs 35 Per Share
INE306R01017,2026-07-24,3fc09fd8ed909834,4,7.0,Dividend - Rs 4 Per Share/Special Dividend - Rs 3 Per Share
INE358A01014,2026-07-24,dbd9a151b4657320,525,656.0,Dividend - Rs 525 Per Share & Special Dividend Rs 131 Per Share
INE344S01016,2026-08-06,ff676dfc2a494b6d,0.5,1.0,Dividend - Re 0.50 Per Share & Special Dividend - Re 0.50 Per Share
INE304A01026,2026-08-07,025e8f16055a8c90,2,3.0,Dividend - Rs 2 Per Share & Special Dividend Re 1 Per Share
INE412C01015,2026-08-18,025e8f16055a8c90,2,3.0,Dividend - Rs 2 Per Share & Special Dividend Re 1 Per Share
INE529A01010,2026-09-04,a2a155d7588d5b6b,7.5,94.0,Interim Dividend - Rs 7.50 Per Share & Special Dividend Rs 86.50 Per Share
INE469A01019,2011-07-22,c9b7ef563fbb9a1c,8,11.0,Agm/Div. Of Rs.8 Per Share + Spl. Div Of Rs.3/- Per Share
