month,prob_high,high,elevated,downtrend,vol,drawdown,ret,days
2012-09-28,0.0072,0,0,0,11.554341601858939,3.277700464987565,-1.465811236265191,20
2012-10-31,0.0044,0,0,0,12.069273499377392,3.275988127173013,4.629248773106198,19
2012-11-30,0.0128,0,0,0,8.20077106515373,1.402817589256078,0.42943271649160675,20
2012-12-31,0.0048,0,0,0,9.610942689403556,1.0779335407016033,2.195558080297544,22
2013-01-31,0.0107,0,0,0,11.031768767657542,5.66220962446663,-5.66220962446663,20
2013-02-28,0.0106,0,0,0,13.404879359890732,5.244968421080298,-0.18443541441275357,19
2013-03-28,0.0175,0,1,0,16.346246765532772,4.401454318848053,4.3580857033705955,20
2013-04-30,0.0116,0,1,0,18.448147087751458,3.5597111333305453,0.9401031696040674,22
2013-05-31,0.0175,0,1,0,20.014015345820248,6.636373291429654,-2.4014566661875736,20
2013-06-28,0.0219,0,1,1,16.30583999728618,5.525022466658324,-1.7151106083782564,23
2013-07-31,0.0157,0,1,0,27.921409566687856,7.963704791487924,-4.705680865769768,20
2013-08-30,0.0099,0,1,1,30.16936050812675,6.217756573718736,4.8156001572694285,20
2013-09-30,0.0132,0,1,0,14.437087263610515,1.6736652896054305,9.83122272344701,21
2013-10-31,0.012,0,0,0,17.871239692109935,5.035516359418713,-1.9534350919592547,19
2013-11-29,0.0159,0,1,0,13.328557946525418,3.5332123557355155,2.070884543990581,21
2013-12-31,0.0085,0,0,0,13.085499062400382,4.285608428079302,-3.402601522842641,22
2014-01-31,0.0152,0,0,0,11.955584027894082,1.4549650653789326,3.0782526531324406,18
2014-02-28,0.0096,0,0,0,11.063136801144687,0.8841873564879643,6.806649514585317,20
2014-03-31,0.0148,0,0,0,11.184606363961755,2.110862859117779,-0.11634934431409283,18
2014-04-30,0.0068,0,0,0,15.636399967872011,1.8616538465030863,7.9677184867947615,21
2014-05-30,0.025,0,1,0,14.156921304732903,2.1315462764855297,5.2752770356707,21
2014-06-30,0.0124,0,0,0,13.296033264924898,4.276275712886624,1.4445493325173198,22
2014-07-31,0.0213,0,0,0,11.98866099053008,2.29779714179712,3.018277995464813,19
2014-08-28,0.0117,0,0,0,12.780318343903673,3.2059336157561846,0.1313709718953504,22
2014-09-30,0.0091,0,0,0,15.17530937229212,2.719460811149643,4.487248887469342,17
2014-10-31,0.0227,0,1,0,7.190454995675502,0.7860445382497749,3.1968685977700195,18
2014-11-28,0.0067,0,0,0,13.238909541416913,6.502491139784006,-3.557765606351704,22
2014-12-31,0.0094,0,1,0,18.896695290914913,3.4941556537377627,6.353003041330618,20
2015-01-30,0.0121,0,1,0,13.026838898036111,3.2075601802775355,0.40526305403558727,19
2015-02-27,0.006,0,1,0,15.70461548321967,7.279139745727381,-3.9979153946120505,21
2015-03-31,0.0177,0,1,0,14.735117342114194,7.3862350011319915,-3.645035920386286,18
2015-04-30,0.0329,0,1,0,19.812220718496278,3.2963518046413287,3.0819579615596115,20
2015-05-29,0.007,0,1,1,15.21721853459973,5.552759140802433,-0.7725052332904658,22
2015-06-30,0.0141,0,0,1,13.85457190879518,3.434296635200096,1.9639076223337604,23
2015-07-31,0.0067,0,1,0,25.54571785794366,9.277363226223557,-6.5810348288633636,21
2015-08-31,0.0273,0,1,1,20.38666274735055,5.174814774341197,-0.2810068984054226,20
2015-09-30,0.0235,0,1,1,11.155807107438513,2.7683897222934073,1.4706425263863565,20
2015-10-30,0.0125,0,0,1,11.978193908396825,4.140940862503106,-1.6185599425816433,18
2015-11-30,0.0068,0,0,1,12.502725286730005,4.3300319458421495,0.13988340198796134,22
2015-12-31,0.0071,0,0,1,18.522438325850786,8.425884648176174,-4.817309686388671,19
2016-01-29,0.0111,0,1,1,21.238878924213004,7.839569016439474,-7.622082420118592,21
2016-02-29,0.2969,0,1,1,17.277610985453812,1.5486295600336986,10.753467037721443,20
2016-03-31,0.2521,0,1,1,15.817204587189487,2.736887337223326,1.439572828357072,18
2016-04-29,0.0263,0,1,1,14.393804810952252,2.143563613862254,3.9529707851078566,22
2016-05-31,0.0373,0,0,0,12.46881584755905,2.22952491990005,1.5643178492432241,22
2016-06-30,0.0067,0,0,0,9.305008990569268,0.6573240477232956,4.232149859732748,20
2016-07-29,0.0054,0,0,0,10.721246257821933,1.5933214818760866,1.709789839815934,21
2016-08-31,0.0053,0,0,0,13.12736433219945,4.03518570231779,-1.9923266121444683,20
2016-09-30,0.0088,0,0,0,12.229138093156642,2.836648807687636,0.31180049304715407,18
2016-10-28,0.0052,0,1,0,18.519426539091246,8.20675969372251,-4.78698772864089,21
2016-11-30,0.0077,0,1,1,13.00144246662908,4.278754501165006,-0.4705476966684885,22
2016-12-30,0.0086,0,0,1,9.737596096293759,1.0165855054597661,4.587212110720995,21
2017-01-31,0.0108,0,0,0,8.638043002142155,0.912540089577063,3.7178911140715254,19
2017-02-28,0.0047,0,0,0,9.287110588531577,1.4148352043749757,3.312653763289486,22
2017-03-31,0.0046,0,0,0,8.260041497427276,1.7447141579975511,1.4203548678294098,18
2017-04-28,0.0053,0,0,0,9.185483478943098,1.7342486976091087,3.409270177731538,22
2017-05-31,0.0049,0,0,0,5.489335318310683,1.9002347965167532,-1.042999707678316,21
2017-06-30,0.0043,0,0,0,7.26925075421902,0.8955249163058343,5.841876250461309,21
2017-07-31,0.0044,0,0,0,11.495862206826391,3.992729064682432,-1.57981189946651,21
2017-08-31,0.0064,0,1,0,10.101431258952648,4.1105635267247305,-1.3037112307784704,21
2017-09-29,0.0065,0,1,0,7.672549842240822,0.858867735418356,5.5850705629935105,20
2017-10-31,0.0051,0,0,0,9.285932473921225,3.199714855895719,-1.0522191136698056,22
2017-11-30,0.0043,0,0,0,9.86714724259544,1.7840835745880912,2.9741251588643047,20
2017-12-29,0.0042,0,1,0,7.9253060940893665,0.9226999183156392,4.719534226425215,21
2018-01-31,0.005,0,0,0,14.259555280322342,6.051123923110879,-4.850064623309647,19
2018-02-28,0.0061,0,1,0,14.321828211512322,4.7155903601764475,-3.6134074934586202,19
2018-03-28,0.0071,0,1,0,8.991127080518787,1.138112341386044,6.186157410049353,21
2018-04-30,0.0043,0,0,0,10.186821303022413,3.4816687357750675,-0.02978968807577642,22
2018-05-31,0.0049,0,1,0,9.613637583296793,2.4648427341950496,-0.20352347109985347,21
2018-06-29,0.0043,0,0,0,7.324426932181417,0.7833531497887458,5.993860607032264,22
2018-07-31,0.0062,0,0,0,8.630565927589352,1.002120126541839,2.8529916787742637,21
2018-08-31,0.0039,0,0,0,13.250375492956545,6.421384398677288,-6.421384398677288,18
2018-09-28,0.0132,0,1,0,23.3469282819973,8.886929153863754,-4.975555226176587,21
2018-10-31,0.0832,0,1,1,11.371331168384433,2.1986582495911233,4.7190650362856745,20
2018-11-30,0.0433,0,1,1,15.410486487787075,3.63201841908809,-0.1305554996896996,20
2018-12-31,0.0058,0,1,1,11.135507553841782,2.8284442474227456,-0.2909041610227092,22
2019-01-31,0.0044,0,0,1,10.368954061909145,4.2012282945683825,-0.3550029740616911,19
2019-02-28,0.0045,0,1,1,10.253980168358176,1.5447815250138497,7.204076905258283,18
2019-03-28,0.0063,0,0,0,11.138550344242807,1.7917833260232219,1.5397613710026015,19
2019-04-30,0.0035,0,1,0,17.89412820301502,5.106762982803314,1.486612004915,22
2019-05-31,0.0106,0,1,0,12.199354232431041,3.4445770649928154,-1.1234793631260787,19
2019-06-28,0.0038,0,1,0,11.716165991128507,7.20990737543683,-5.690543450834351,23
2019-07-31,0.0053,0,0,0,16.911014978266532,3.387753108697611,-0.852221622593996,20
2019-08-30,0.0058,0,1,1,26.19176104918466,3.350522962915159,4.093168487628418,19
2019-09-30,0.0054,0,1,0,12.98104603387276,3.0332590996794306,3.512150849411788,19
2019-10-31,0.0072,0,1,0,8.41458517076637,1.4285622534468412,1.5036864515372672,20
2019-11-29,0.0037,0,0,0,8.89849569119923,1.6526972202995482,0.9323152479122854,21
2019-12-31,0.0037,0,0,0,12.1046022548428,3.2372633056573563,-1.695783625896663,23
2020-01-31,0.0073,0,1,0,21.214400653501652,8.191408872190065,-6.35632233641571,19
2020-02-28,0.7989,1,1,1,80.90378196845344,32.67231577062112,-23.24636775503828,21
2020-03-31,0.9646,1,1,1,46.45229730947081,5.977729002500654,14.680008032624814,18
2020-04-30,0.9029,1,1,1,33.4108766729376,10.51380185960772,-2.8357343873711915,19
2020-05-29,0.9899,1,1,1,19.776992709111546,3.4792400572868254,7.534208943381238,22
2020-06-30,0.841,1,1,1,15.029606168006648,2.0096332771419534,7.487314384298549,23
2020-07-31,0.1011,0,0,0,15.05783846186877,2.2330747801946216,2.836061021166114,21
2020-08-31,0.0131,0,0,0,19.004410281653623,6.885230478111737,-1.228980858946216,22
2020-09-30,0.0455,0,1,0,15.318609229428517,2.745368363047085,3.5105475663058883,21
2020-10-30,0.0341,0,0,0,14.246338176372419,1.5070680468092346,11.39412629852259,19
2020-11-27,0.0438,0,0,0,14.236035759442528,3.14049525779333,7.809420110608234,22
2020-12-31,0.0075,0,0,0,16.281099302648766,6.897379751487264,-2.4828822616982826,20
2021-01-29,0.1299,0,1,0,26.970008404488315,5.129384151626681,6.560887791929848,20
2021-02-26,0.8703,1,1,0,19.8772827708014,6.0391145139600315,1.11190124917242,21
2021-03-31,0.3132,0,1,0,21.116389761454236,3.8819899531021718,-0.4057028265849305,19
2021-04-30,0.0278,0,1,0,13.074001887336378,1.7704699167359728,6.504638890590897,20
2021-05-31,0.0148,0,0,0,6.933277131540201,1.171450387541939,0.8900852032429851,22
2021-06-30,0.0072,0,0,0,9.017195504621938,1.834318724675943,0.2642865164742547,21
2021-07-30,0.0071,0,0,0,9.052896941566798,0.9876832017210013,8.685815441979706,21
2021-08-31,0.0082,0,0,0,9.587541702786263,1.3270674705482266,2.836478642760354,21
2021-09-30,0.0082,0,0,0,13.09601823095488,4.35892286144658,0.3036641123716821,20
2021-10-29,0.0194,0,0,0,16.200336465543945,6.21912895525234,-3.8957944315163195,20
2021-11-30,0.0818,0,1,0,16.97084743588901,5.15304070511573,2.1836378277336976,23
2021-12-31,0.0151,0,1,0,16.913645750509808,6.588069850829125,-0.08183202904040732,20
2022-01-31,0.0722,0,1,0,28.48974011967656,8.616703063484255,-3.148523378512036,20
2022-02-28,0.0492,0,1,1,19.76400756506642,5.542190785647271,3.994602765117583,21
2022-03-31,0.0321,0,1,0,18.98761883302338,6.089994948796107,-2.0738872228345695,19
2022-04-29,0.0096,0,1,0,23.09960866910391,7.720488057679631,-3.0287879663418282,21
2022-05-31,0.0577,0,1,1,17.036739901516913,8.025619437094056,-4.84969892678262,22
2022-06-30,0.3581,0,1,1,12.272727763411714,1.7382169928357172,8.732434530504896,21
2022-07-29,0.0854,0,0,1,14.187208602646662,3.584215238910704,3.5029841694228736,20
2022-08-30,0.01,0,0,0,15.309791299759809,6.9283212705415265,-3.7442418486264173,22
2022-09-30,0.0088,0,0,0,14.151952475389345,2.0093122716754674,5.36931577011639,19
2022-10-31,0.007,0,0,0,9.604847393994314,1.3563602055265522,4.142472451938506,21
2022-11-30,0.0059,0,0,0,11.322163307280107,5.345909468438537,-3.4813767827347686,22
2022-12-30,0.0107,0,0,0,11.810915430935461,3.445492511782988,-2.4476278852209377,21
2023-01-31,0.0119,0,0,0,10.045879289759494,4.058031123992956,-2.028072255941904,20
2023-02-28,0.0143,0,0,0,13.494233773919905,4.558585993151121,0.3224742545449466,21
2023-03-31,0.0101,0,1,1,6.571095457274358,1.1737155037020441,4.062558504586766,17
2023-04-28,0.0097,0,0,0,8.773596768823806,1.4615065416263007,2.598396848187101,22
2023-05-31,0.0065,0,0,0,7.858309920262569,1.014748557361711,3.5320829205574666,21
2023-06-30,0.0105,0,0,0,8.577699398256863,1.6672361079543396,2.943084608186197,21
2023-07-31,0.0057,0,0,0,7.02718593834,2.531158461791272,-2.531158461791272,22
2023-08-31,0.0055,0,0,0,9.142396330928287,3.3121397017338072,1.9970083017293971,20
2023-09-29,0.0091,0,0,0,11.055501550080022,4.8166468970042615,-2.844956791824016,20
2023-10-31,0.014,0,1,0,7.156453796286702,0.4740624572936891,5.521870494244152,20
2023-11-30,0.0056,0,0,0,11.556174728901322,1.4284615465138928,7.938399947303942,20
2023-12-29,0.0082,0,1,0,15.511230603142815,3.8857355389753545,-0.026234719219753178,21
2024-01-31,0.0075,0,1,0,9.05713154207587,1.4338442750963298,1.1833983335188147,21
2024-02-29,0.0054,0,0,0,12.02613973928653,3.005757379415519,1.565312867996771,18
2024-03-28,0.0067,0,1,0,9.94779446245183,3.3310969853422523,1.2449073265302424,20
2024-04-30,0.0065,0,1,0,10.847148403121095,3.0496871388263957,-0.32802868369559146,21
2024-05-31,0.0111,0,1,0,29.81341253564706,5.929359941641077,6.568373117304005,19
2024-06-28,0.0081,0,1,0,8.67791715002406,1.591679342512442,3.917231541701116,22
2024-07-31,0.0053,0,0,0,14.506616018914182,4.071623146189152,1.1412299454817587,21
2024-08-30,0.0061,0,1,0,11.585637762870313,1.6918582402934423,2.2782988118133174,21
2024-09-30,0.0067,0,1,0,11.255350105303632,6.315362929908885,-6.2202524298806905,22
2024-10-31,0.0283,0,0,0,16.507050415428907,4.632200777387451,-0.3067503721212228,19
2024-11-29,0.0072,0,1,0,10.948414880994061,4.767387119845889,-2.0152369183212504,21
2024-12-31,0.048,0,0,0,13.999641880099206,5.620404520489131,-0.5768726574899463,23
2025-01-31,0.008,0,1,1,10.799302142509042,6.801186984635155,-5.885986068311189,20
2025-02-28,0.0216,0,0,1,10.279077845313736,0.7681079328545448,6.303590285390537,19
2025-03-28,0.0157,0,1,1,21.901123495222205,5.772906234867947,3.464592443705139,19
2025-04-30,0.0209,0,1,1,17.649500873098457,1.8525309864358408,1.7115829300808905,21
2025-05-30,0.0097,0,1,0,10.422424091947914,1.6816914518717807,3.0962824756055607,21
2025-06-30,0.0071,0,0,0,7.012224838928866,3.3705547936815017,-2.9341211031532977,23
2025-07-31,0.0053,0,0,0,10.161225260705322,2.6188284870683254,-1.3787757577143567,19
2025-08-29,0.0076,0,0,0,7.134391622151953,3.195849574740739,0.7542929315341729,22
2025-09-30,0.0131,0,0,0,7.84339407117331,1.2735167336764386,4.514223328634981,21
2025-10-31,0.0048,0,0,0,7.594737613551819,1.1734416792483326,1.869402640831641,19
2025-11-28,0.0045,0,0,0,7.485431866810517,1.6980883145459424,-0.27992883076883857,22
2025-12-31,0.0044,0,0,0,9.212168898821183,4.861264113087782,-3.0959112686126167,20
2026-01-30,0.0082,0,0,0,14.730620390267946,2.986837137524234,-0.560807079634007,20
2026-02-27,0.0067,0,1,0,25.687759399177974,11.308191486943809,-11.308191486943809,19
2026-03-30,0.0833,0,1,1,18.805599787330614,2.7613681364045295,7.461020632295279,20
2026-04-30,0.1244,0,1,1,13.793603079655684,3.9102397072401485,-1.8743612018999989,19
2026-05-29,0.0076,0,1,1,11.528315795621957,1.8037816776549809,1.3504474949835865,21
2026-06-30,0.0047,0,1,1,11.794669099513188,2.7134298167006854,2.1698442721263644,23
2026-07-31,0.0111,0,1,1,8.06770445364389,2.809362839926266,-1.243455534077198,21
2026-08-31,0.0047,0,0,1,9.95455765238504,6.0628193393469925,-6.0628193393469925,21
